ID,tweet,country
1329189110272036864t,  Where is the data that there are no long term effects I have multiple autoimmune diseases and meet 3 of the exclusion criteria for the COVID vaccine trials How do you know the longterm effects on people with my medical conditions Provide data,0
1334166193301835776t, Agreed If anyone wants to take a vaccine codeveloped by a Chinese company,1
1336009161654620162t,Whats ethical about an advert encouraging pregnant women to get vaccinated for their unborn babies sake when theres no research Pfizer vaccination Covid19UK pregnancy,0
1284272296325152768t, watch through this and see hoe USA tested A CORONA VIRUS vaccine on PHILIPPINES CHILDREN KILLING SOME OF THEM ,1
1338553618912272385t, Even if we didnt have a vaccine the US economy should be fully opened NOW   Covid19 which originated in Wuhan has a 997 survival rate   Its apparent this is part of the Great Reset in the direction of Communism   Open up the US Economy NOW,1
1348994743632449538t,      Oxford is fine but you may get Bharat Biotect when you actually go to take it Bharat biotect has started arriving for vaccination That vaccine has not finished phase 3 or published data like others If u refuse whats given 2 u at center You may not get anything for months,0
1290342462121291780t,   I am Im not an antivaxxer by any means Or at least I wasnt This covid vaccine has made me question my stance Regardless though s vaccine built in less than a year being pushed by a guy who has no medical expert and made by the Chinese who have started the virus to ,1
1344782762155397129t, Im not taking the vaccine but tainting the vaccine that others may take should be a severe federal offense I propose Death Row,0
1326480829103616001t,Idc if the vaccine Pfizer created is 100 effective and gives you super powers still not taking that shit tf,0
1270071757903400962t, This is it Not until they have the misfortune to glibly give a vaccine and watch their child go into convulsions become permanently damaged or die will they regret not having done the research instead of supercilious self righteous mockery Vaccines are Russian roulette,1
1330013327477641216t,BioNtech wont be entering into my body My body is mine under God for as long as my soul does dwell My soul of life will not  is not made to be morphed with corruptible tech Fools of the last 2 millenniums below Say no before they say yes  ,0
1289602126293790720t, NIH owns half of the key patents for the Covid vaccine NIHs stake in the vaccine explains why Fauci let Mederna skip animal trials Money Money Money,0
1340351787228950531t,10 Ive said it before but its worth repeating Anyone who is concerned about how quickly CovidVaccines have been developed should listen to ACIP meetings Dozens of experts are kicking the tires of the Moderna data really hard ,0
1293244286792806400t,I dont want no Russian vaccine injected into me No thank you Putin Give it your friend Modi,1
1293224322685980672t,I would rather have the Russian vaccine than the Bill Gates Fauci China vaccine,1
1301889588701528064t, LOLOLOL because it gave people COVID Who would trust a Russian vaccine,1
1347559658354053121t, So let them take the Russian vaccine Oh maybe not a good idea the Russians have a history of poisoning people who dont agree with them,1
1335874248489971712t,  Blame russia Im not taking a vaccine pfizer has been given protection from legal action for ,1
1293185697575133191t,I woudnt take a Russian vaccine even if I am dying of COVID19 ino Mrna nvax regn,1
1401714861307006983t,Columbia University is requiring an Indian student who was vaccinated with two doses of Covaxin to revaccinate with a different vaccine How can this be for real ,1
1357309337983569920t, Chinas vaccine is very dangerous it has been banned in many south American countries Chinese vaccine is spreading more Corona virus in people who is taking Chinese vaccine Please take care of your family ,1
1355265665712709633t, Well not the pfizer vaccine for sure It comes from belgium,1
1331065354035015684t, Vaccine from american Pfizer will cause a gene mutation in billions This must be stopped before its too late Americans like to conduct experiments like nuclear explosions in Japan We know ,1
1319951448684232704t, Buy a new kettle for example well not from Wales  it comes with a 12 months warranty against defects by law Get a rushed vaccine and the company making the vaccinehave been granted full indemnity from any future prosecution relating to any vaccine related injuries,0
1300292349331943425t,  Lets wear masks and shut down the economy until all obese people are fit and thin or until they can get their asses jabbed with the GatesFauci Chinese Virus Vaccine Is that what we should do,1
1293282044080820224t, Russian vaccine has vodka in it Lol No thanks take years to properly test and develop a vaccine,1
1293226446622789633t, I will stay in my house forever rather than take a Russian vaccine,1
1408740814998720512t,By the way not even Russians trust the RUS vaccine Sputnik Well theres a solution Sputnik Light Only one jab needed of this allegedly the first jabs are being given BTW this media outlet Echo used to be great now it parrots the state line ,1
1334623978254700547t,Look for yourselves at what is in the Pfizer vaccine and decide for yourself whether or not you will have it You decide ,0
1370418161330307077t, Considering our country has been behind almost every nation from the start on this covid response why not keep using a vaccine that other countries find dangerous terribleleadership TrudeauWorstPMEver,1
1288631356218646538t,Ladies and Gentlemen The COVID19 treatment is here No Vaccine needed     WATCH VIDEO NOW  Treatment without toxicity  Ireland Blood Cleanse ,0
1405632106068316164t,Vaccine fail While the 2dose mRNA vaccine regimens seem to protect against Delta more than 350 Sinovacvaccinated health workers in Indonesia have tested positive The central Java outbreak is thought to be driven by Delta COVID19 via  3 ,0
1353865199116292097t,   Why because johnson faked the vaccine for political reasons Even the FDA is saying that the Uk vaccine is rubbish,1
1338679680593842176t, Love it how the news keeps on touting the brand names the Pfizer vaccine delivered by FedEx like its a big never ending non stop commercial,0
1329287703691624448t,The shocking reason why Pfizers coronavirus vaccine requires storage at 70C  because it contains experimental nanotech components that have NEVER been used in vaccines before Look up Harvard 2003 gates Lieber nano virology research Im sure it was all innocent NOT,0
1328407286667100160t,  UQ will likely have Chinese vaccine technology and whatever else CCP may dope the UQ vaccine with,1
1378359702065668105t,  Thats the hope Hungary isnt doing so well with the Russian China vaccines They have a comparable vaccination rate than the US about 16 Isreal has 55,1
1352789856653611008t, Great information I work in healthcare too and there are medical professionals at my job who are not ready to be vaccinated yet They want to see others get it first Thats how I got mine Im not a front line worker,0
1285606481015050240t,   Adeno vector vaccine was tried for HIV and it did not work In a really bad way I really wish Oxford included data in this cohort on the immune response to the vector not just to the SARS2 spike protein,0
1450171830644346886t,Senator Ron Johnson Theres No Point to Mandate Whatsoever  With COVID Vaccine Weve Had 16766 Deaths in 10 Months VIDEO  via ,0
1293350826686152704t,  When I think of Russian Covid19 vaccines Im thinking conspiracy theory biological weapons No thank you I knew that any country that claims to have a proven vaccine would be highly sought MABMIA BidenHarris2020,1
1298127457187500032t, wish list Make money  Cull India  Africa have already suffered  are still suffering vaccine damage ,0
1331002687228440578t, If you believe in the Russian vaccine I have just the thing for you it is a bridge you can even drive cars across it,1
1397515939072159748t,   a sickened everyone Because the Russian population is too suspicious of their vaccines ,1
1254764538936745984t,There will not be a vaccine for Chinese Bat Soup Flu AKA COVID19 just like there is not a vaccine for AIDS Reality Deal with it Live your life Oh and a society that wears masks of any kind is a society that is fed constant fear propaganda Not the way I want to live,1
1419889746994556931t,But if youre fully vaccinated why would that matter You have complete immunity  right Like you trust  and Fauci  right You trust the science right Youre completely safe Pfizer has convinced everyone their vaccine has 98 efficacy right You are golden ,0
1351129710734897152t,Womans severe reaction to Pfizer COVID vaccine prompts investigation MORE  ,0
1342748872607723520t,Boston cancer doctor suffers severe allergic reaction receiving Moderna jab  Daily Mail Online ,0
1386929197935824896t,OMG Get a Russian COVID vaccine get a common cold for free What are they inactivating the Adv26 with Perhaps they should use a bit more,1
1259942710355431424t,   The Oxford one is certainly interesting but afaik its coming from a SARS vaccine that didnt really work,0
1334861111494123520t, Who is clamoring for an untested Covid vaccine with unknown side effects causing long term damage,0
1369509209843376130t, My point is if Russia was the only country with a vaccine available I wouldnt trust them enough to take it I also believe Trump is a long term Russian asset who was more than a bumbling bureaucrat and who had a laundry list of things Putin wanted him to accomplish to hurt us,1
1336302432654139393t, The flu expired from Covid what a great tweet Heard the vaccine is being made by a company that is owned by the same people that freely gave us the Chinese Disease Thats right China You have contacts greater than I Check this out for all the small time tweeters Thanks,1
1281018402140647424t,Hate to say it but Im not taking a UScreated vaccine for Covid Not with Trump in charge It will be invented by some company owned by Jared and made by a company owned by Ivanka   When a normal country approves a vaccine then Ill take that vaccine,1
1405643164392767491t,  Pfizer is a powerful player in the world of pharmaceuticals I wouldnt be surprised if we learn in the future that only 1 vaccine could do the job but if you tweak the research here  there  make it look like one requires 2 jabs then you stand to make a whole lot of money ,0
1355280828356558851t,  Your choice go and get a Chinese vaccine I will wait for vaccines which are approved by the EU We will have enough by the summer Lets see how much the Chinese actually will deliver how many people willing to accept it and if Orban can organize mass vaccination I doubt it,1
1340047945551515657t,  There will be more than just Pfizer manufacturing and distributing vaccines soon Plus its very clear there are many people who do not want the vaccine,0
1342720549622050816t,Dr Hossein Sadrzadeh said he had a severe reaction almost immediately after being vaccinated feeling dizzy and with a racing heart the NYT reported modernavaccine ,0
1374727144396455937t,I am not goin to play russian roulette with my life for a vaccine do I need to risk my life we already risk our life by just living every day now never knowing if we get the virus or not the vaccines dont even help vaccinated people still get covid,1
1255139771636015105t, Hell No Should be optional like the flu shot no one should be forced to take a vaccine thats been rushed to market and minimally tested,0
1365227438163247104t,  Its hilarious isnt itthey actually think this is the way out its the start Ive never been called an anti vaxxer because Ive never had a flu jab,0
1253823910426087426t,I hope you will not allow Pakistanis to be guinea pigs for a dubious Chinese vaccine Let them conduct their own trials,1
1293253836522520576t,Im provaccinations but a vaccine from Russia I dont think so unless its vodka but I hate vodka Still I might make an exception for good Russian vodka,1
1286318140859842562t,   Why do you have your abortion pill maker friends Pfizer putting out our vaccines We get our name Christians from Syria why wouldnt you let these refugees in our country Why did you bypass Congress to sell our weapons to Saudi Arabi allowing them to be used to kills Yemens,0
1354163585820319751t,Who would want a Chinese vaccine in the first place cdnpoli ,1
1407004584233603075t,What went wrong with CureVacs mRNA vaccine for COVID19 The poor performance revealed that the mRNA vaccine made by German CureVac isnt just a disappointment its a scientific puzzle Researchers suspect the vaccines design is at fault,1
1338519325251170307t,Both companies are currently engaged in the ongoing COVID19 vaccination effort Remember CCP is the Chinese Military Great way to Run a War Start the Virus and End your Life with Bogus Vaccine Does that make Gates and Fouche Part of the ,1
1343759727101022208t,Why dont you get yourself Chinese vaccine  Please get Sanjay Raut one too,1
1318386257345548290t,  Wait until they try to push the gene altering v from ModeRNA The truth is right there in the name I am a bit perturbed that the president is fast tracking this thing,0
1365346404760244227t,   I am perfectly happy if people want the vaccine as long as I am not forced to have it  I dont like vaccines in general Since it is open early December we havent got a single cases of COVID19 where I work Emergency Hotel for Homeless people 200people including staff,0
1363903657335533571t,   cant you read it was tested on people of all different races ages nationalities but you know when they get covid it will be the governments fault or the police or anyone else apart from themselves for not taking the vaccine and people like you full the fire,0
1391012192913399808t,Pfizer documents unvaccinated people can be exposed to experimental mRNA from vaccinated people frightening adverse reactions  The COVID Blog ,0
1407907583617208325t,Germany and South Africa demand action over spoiled Johnson  Johnson Covid vaccines  via ,1
1374066882676846595t,Wait a minute  Then what is in the vaccine Does that mean that its just like saline Dude  Maybe the Russians figured out that a super duper low dose works better Maybe,1
1348947687882702849t, httpsyangs  Because Sinovac made in China is the worst performing ineffective available vaccine ,1
1255757051697008640t, Anything Chinese I would stay away Fake fake fake is their middle name And now this it might be sucidal to even think that they have a vaccine,1
1422894613635944455t,the Janssen COVID19 Vaccine and the level of potential excess risk due to vaccination are under investigation Based on currently available evidence a causal relationship between thrombosis with thrombocytopenia and the Janssen COVID19 Vaccine is plausible,0
1278988867383824385t,They bring used as Guinea pigs Protests Against Africas 1st COVID19 Vaccine via  ,1
1397628538375843841t,Johnson and Johnson vaccine Woman dies from side effects   ,0
1325890948207874048t, Please goto  and search under health for the truth on Pfizer and vaccines I just wish for you to be informed,0
1244187076666503169t,  Ramaphosa he is totally responsible for everything whether Corona is in the vaccines or airborne he is responsible he is part of whatever the agenda is The day Ramaphosa was parachuted into the presidency via the billion Rand backdoor that was the beginning of our problems,0
1413515422700228613t, any results yet on those who had 1 AZ and 1 mRNA vaccine also it would seem that Europe is not accepting the COVISHIELD as an acceptable vaccine so what about that  what are the test results for 2 Covishield or 1 Covishield  1 mRNA Thanks,1
1336636645072842752t,Its safe they said COVID19 vaccine UK regulators warn people with history of significant allergic reactions not to have PfizerBioNTech jab  via ,0
1332812761194135552t, I will be cautious about western Covid vaccines one from China or Russia are off the table for me unless screened by western scientists,1
1312069851494731776t,They will use it on their citizens Dont know of any Canadian that would want the Chinese vaccine especially when they cannot be trusted What happens if China gets a COVID19 vaccine first ,1
1293354099749130240t,Go ahead name your vaccine SputnikV We get the reference But we also know about your famous Russian QualityControl just ask Yuri Gagarin and Vladimir Komarov Keep overplaying that hand see what happens USA AmericanPatriots ,1
1346487927614922752t,Some Moderna Vaccine Doses May Be Cut in Half to Accelerate Rollout Official  via  WHY BOTHER TAKE IT ,0
1293278064177287174t,I highly advise you wait SIX MONTHS minimally before taking any coronavirus vaccine particularly the rushed US and Russian ones The Russian vaccine hasnt even gone through any proper human trials yet Politically rushed for sure,1
1334579426911203330t,  Please consider this Why is the UK the first nation to try the Pfizer vaccine even though its being made in Belgium jointly by American  German companies Ever considered that we are being used as labrats while the rest of the world sit back and watch CovidVaccine,1
1376227957803376644t,A passport that proves vaccination with an unproven vaccine is the same as a forged and fraudulent passport Did the Chinese vaccine make it through Phase 3 In the case of China more than anything else you need a thirdparty certification that the vaccine is not saline,1
1293175440304046081t,Former US FDA Associate Commissioner Peter Pitts on Russianmade COVID19 vaccine I have serious doubts The Russians have not shared any scientific data I am advising the President Duterte against getting a shot of the Russian made vaccine READ  ,1
1293758127783854080t,  This is a nonsequitur If there is no phase 2 or 3 trial noone can conclude the Russian vaccine safe or effective Its not up to western scientists to prove the vaccine is not safe you must assume it is harmful until proven otherwise,1
1350444586154545156t, The only way you can be safe from the covid vaccine is by getting the same one as the one in USA and not designed for Africa,1
1293190350811660289t,  I appreciate your willingness to be first to try the Russian vaccine Personally Im taking a hard pass on that one,1
1303416961364365313t,No way Im literally shocked pretty sure  is shocked as well  Leading Scientists Question Highly Improbable Russian Vaccine Results Published in Lancet ,1
1336367218372829184t,  no forced vaccines for COVID19 Not enough research for safety Pfizer vaccine Permanent infertility to woman of child bearing ,0
1353258280521494529t,  In my humble opinion  with respect we dont know that Making a statement that the vaccine save  of lives doesnt make it true The Covid vaccine has only been around for 5 minutes We dont know anything yet Nor does the NHS Boris Johnson or World Governments truth,0
1377994333589278725t, your covid Vaccine jab only protects YOU from severe illness it DOES NOT stop you from catching and spreading the virus to anyone else non vaccinated or vaccinated  Therefore theres NO POINT in a Vaccine passportis there VaccinePassports vaccination CovidPassports,0
1302446835735252992t, STOP the LIES STOP the Fearmongering STOP the Brainwashing STOP the Propaganda STOP carrying Faucis WATER paid for by Bill Gates NoMasks NoVaccines,0
1354748516774645763t, Why should anyone who isnt vulnerable need a vaccine ,0
1331348467436818433t,Isnt poisoning one of the main ways Russia destroys dissidents  Dont think Ill take any Russian vaccine,1
1347819106435624962t, NOT ONLY the CHINESE vaccinewhich THE CHINESE THEMSELVES DONT COMPLETELY trust January 9 2021 1326 HKT SINOVAC FAIL,1
1380543876121960454t,Thrombotic Thrombocytopenia after ChAdOx1 nCov19 Vaccination  NEJM More on the    investigation into the post AZ vaccine thrombotic events Now we know that something similar may be occurring with Johnson  Johnson further research is welcome ,0
1349280451781926918t,WHO working with Chinas COVID19 vaccine producersNews Why China  This is fking insane I wouldnt trust China to vaccinate my dying dog By the wayTrump was right all along About everything StopTheScam,1
1353660482775871488t, Supposing it turns out that your speculative idea Lets stretch the time between injections is wrong when it comes to the Pfizer vaccine And say 4000000 of those vaccinations turn out to have been wasted or because people start getting unexpectedly sick even worse,0
1355042014321061891t,In Brazil  who are overseeing the trials of Chinese Covid19 vaccine has revealed that it is of substandard Corona virus vaccine which is made in china has only 5038 successful rate Even after knowing this they are giving this vaccine in Pakistan PakNeedsBetterVaccine ,1
1355787145512951810t, It really scares me how much people view the vaccine as the cure to COVID there are going to be a lot of surprised people when they get infected after they get vaccinated and think the pandemic is over,0
1329705421251112960t,I never thought that I will be same as othersWhen MILLIONS of ppl were attending rallies in Bihar then no corona was there but now as mafia is desperate for vaccine sale again terrorising ppl by a fake dear about corona     ,0
1433909487530823688t,  And when children start dying post vaccination what will they say then I wonder The vaccine risk is very evidently greater than the virus risk for this age group The government are weak in the face of militant leftie teacher unions Grow some  SackWilliamson,0
1306702232046370816t,       It is so obvious that you are playing politics with the vaccine by your announcement today A fully vetted vaccine is not possible in 6 weeks SHAME,0
1399782393201008643t, Yes we need them By the way how can we accept that Sinovac vaccinated Chinese citizens would be allowed to travel in Europe while European citizens must have an mRNADNA vaccine Only lawyers can solve such problems,1
1307699395786309634t,The frontrunner COVID19 vaccine developer is giving the world plenty of reasons to distrust their claims  thinks 50 efficacy in a pool of 75 is enough AstraZeneca Under Fire for Vaccine Safety Releases Trial Blueprints  via ,0
1327746166776324097t,  Not strictly true Pharmaceutical companies often negotiate immunity from prosecution for vaccine injury Astra Zeneca has negotiated this for their Covid vaccine,0
1374836331759738881t,They made a vaccine that doesnt make you immune from contracting the virus LOL  As a matter of fact you can take the vaccine right now  still contract the virus minutes later LMFAO  They told you people it prevent sEveRe ReAcTiOnS LEMAOOO  At the end of the day its BUSINESS,0
1378568730721067011t, What a shock Even PUTIN isnt taking the Russian vaccine ,1
1353453121834377219t, For what purpose Vaccination is not ending our house arrest so seriously what is the point ,0
1306340179184058370t,    Steve I really dont care about your politics Like I wouldnt consider the Russian vaccine I wouldnt consider any other vaccine where the phase 3 isnt finished Thats all,1
1249154420543275008t,When someone finally makes a vaccine for Covid19 I hope to goddamn hell its developed anywhere but in US or in China because I wont trust it from either source,1
1356676825246760963t,  Wouldnt it be great to see Russia as a genuine democracy in the future rather than a dictatorship based on fear and corruption Is the rest of the world really meant to believe in the safety of their Covid Sputnik vaccine when they see the result of this so called trial,1
1264022182293880833t,  Why so much promise for a vaccine that so far has shown at best 20 efficacy rate 8 people out of 45 developed antibodies,0
1372652062052339716t,Pfizer on the left Oxford AZ on the right Dont be tempted to get the Covid Beetlejuice folks youll regret it,0
1375237142302035970t, The Experimental vaccine procedures will do more long term damage than any virus,0
1320321949139075073t, Yes why are they not being tested to the same standards Some vaccine manufacturers use other vaccines as placebo while others use true placebos,0
1303473603661434881t,Astra Zeneca paused phase three abbreviated trials because of an unexplained illness Still want to queue up for yours,0
1371740064049414144t,The AstraZeneca covid vaccine they wanted to inoculate south Africans with is being rejected in other countries ,1
1293829563970195457t,Certainly wont be getting a Russian innovated vaccine ,1
1288607947485057024t,I am not a conspiracy theorist But I will not accept a Russian vaccine  should use it on himself and his family,1
1353717395928588291t,Im sorry what The side effect profile for the second vaccine shot is FAR worse than the first  and now  is saying the vaccine isnt properly protective against the new variant and pushing a THIRD shot At the least regulators should demand large scale trials ,0
1392815730408652806t,Seven new Australian blood clot cases linked to the AstraZeneca vaccine  via ,0
1291764101820162048t,Lower drugs yes But not a vaccine that has the Covid19 virus in it Read Creature from Jykell Island and Deep State50 years These people wants the population thinned out Taking the vaccine could kill you any way,0
1343539721339854849t,  Yeah it will stay so they can keep making billions thats their new cash cow,0
1344242732257177600t,    Meanwhile first death due to the vaccine in Switzerland now coming out how many have not been reported,0
1394684981537017860t,13     17 May 2021 Hal Turner Radio Show  Connecticut Publishes Moderna COVID Vax Ingredients DEADLY POISON SM102  Not for Human or Veterinary Use   ,0
1350351823438303233t,COVAXIN takers must sign a consent form saying I know phase 3 trials are underway and efficacy has not been established So in effect COVID warriors are now nothing more than experimental subjects,0
1309675101047021568t,  Just waiting along with half of Canada to you announce you are buying the vaccine from China the very country that gave us the virus,1
1263795546353020929t, So its a good thing we opened the door wide and are working on a vaccine with Chinas military with human trials on Canadians Oh  wait   Can our govt be this stupid   cdnpoli coronavirus COVID19 Covid19 Covid19,0
1371393541331677191t,Both vaccines seem to have issues yet its as though the internet has now hidden all critiques and personal evidence  Covid19 Netherlands suspends use of AstraZeneca vaccine  BBC News ,1
1291962072897425409t, That is bcse Fauci knows his Moderna vaccine is a dudShsssh,0
1300452595778158595t,Would you want the Russian vaccine If not you shouldnt want one thats been pushed through for political reasons either,1
1297847982411386881t, I see Chinas on the list of those having put in orders NO ABSOLUTELY NOTThey distributed the bloody disease in the 1st place  denied everything why would we now want them to have our own developed vaccine to copy  sell cheaply making huge profits on the worlds misery ,1
1293237246179586048t,I dont trust Russian technology and hence would be reluctant to be among the first to receive a dose of their COVID19 vaccine,1
1363131789246689281t,A close relative is still very sick 3 days after having Oxford vaccine She had covid in December and had no symptoms at all bar a rash on her stomach,0
1293506585629732864t,I would like to see the data Experts skeptical of Russian COVID19 vaccine  Show me the data Agree  with    Kathy Edwards The Sputnik vaccine is Kaputnik,1
1377168235494187013t,   What a totally vile person Those that do not want to be part of a human experiment have the same human and civil rights as you Do you even know the ingredients of the vaccinechimp adrenovirus and aborted foetal cells On the Gov website for all to see Good Luck with future,0
1287943849118068737t,somethings fishy with his insistence i think that vaccine is still on clinical trial and whoever takes that will be sort of a guinea pig nobody trusts chinese vaccines i trust the UK vaccine which is still in development unahin nya sarili nya magvaccine sa september,1
1278374230711828480t,Incredulously Trudeau is still supported and viciously defended EnoughIsEnough Health Canada now stocking Chinese armys COVID19 vaccine for human trials  via ,1
1303001586445225984t,   I am leery of jumping on the COVID19 vaccine bandwagon Even if one gets released soon I am not willing to be a beta tester for it I will continue to use good sense a mask and social distancing,0
1253390545143189505t, CV is close to coldmalaria not the flu Vaccines can work for smallpox or flu but not CV which is why there is no cure or vaccine for the cold Not sure why people are suckered into Gates agenda of promoting his vaccine in 1218 mos with a good possibility of being ineffective,0
1341129732566466561t,SAFE AND EFFECTIVE IS IT TIME TO FACE THE TRUTH FDA Investigates Allergic Reactions to Pfizer COVID Vaccine After More Healthcare Workers Hospitalized  Childrens Health Defense ,0
1334542439256821760t,effects you get from long covid I despair it seems some people want to spent the rest of their lives locked up perhaps they should be asking those who have suffered would they have preferred the opportunity to have the vaccine,0
1355072682446843908t,Merck Stops COVID Vaccine Studies Showed People Better Off Catching Virus And Recovering  The True Reporter ,0
1395378298797150210t,1 Very interesting data worldwide on vaccination rates versus Covid cases and deaths The short answer is that vaccine use is correlated slightly positively with both BUT  a big but  this includes a lot of countries using the Chinese vaccines which dont work very well,1
1297604112083632128t,   There is a study that shows ppl with the flu vaccine faired worse than ppl who didnt take the flu shot when it came to Covid See u just made my point Even with a vaccine the elderly still died more from the flu even with a vaccine Just like kids Meaning vaccine is useless,0
1334306810119917568t, Major factors Chinese vaccine cannot put into the table efficacy  transparency The processes in the development including clinical trials which only God knows what is going on Hearing the regime to even put Sinovac as one of the front runners is highly questionable,1
1442775725648400391t,THE WORLD must look At SPUTNIK V Vaccine Seriously Russia today is Run by Born Again Christians But Former Commies NOT CCP with Scandals Ridden VACCINES ,1
1343575129817821184t, What goes on Thats all the World needs right now if for a defective Chinese vaccine,1
1329025939901177857t, Agree 100 the notion of having the vac from Cuba or Russia would phase me not but pfizer can go to hell,1
1369833791758405634t, Not taking that damn vaccine Id rather get Covid again and get my own antibodies,0
1319969276195897347t, Sure looks like the move of someone who plans on staying for more than 3 months  lighting the whole govt up if anyone stands in his way Hell he told the states to plan for some bogus vaccine to be rolled out this week Is he gonna fire anyone who refuses to approve it early,0
1371842784882229257t, jrscovidvaccinesideeffects Dr Mike Hansen discusses the rare deaths after Pfizer vaccine but there is no established link so far Also a few rare nonfatal allergic reactions ,0
1373305916389474307t, You mean the Russian vaccine which has not been fully tested and its that good they are giving it away lol,1
1356618212994146304t,A Russian vaccine With their proven track record of manipulation and dishonesty Thanks but no thanks,1
1336532062405201920t,  Yes 4 people did die after getting the Oxford Vaccine 1 got murdered 1 died from blunt drama 1 died in car cash and 1 died from a fungal lung infection,0
1374414869844221965t,     I will rather use umsuzwane than take a Chinese vaccine coz Chinese are not honest about the origins of the virus,1
1293460976734359552t,   I would strongly suggest the Russian vaccine for anyone thinking we need a vaccine to get over Covid19 What is the survival rate again,1
1360437218859384833t,Is it smart to start with a Chinese vaccine with only 50 efficiency rate A vaccine from the country where the covid19 first were discovered,1
1293850649080336385t,Im about to explode about this whole Phase 3 Russian vaccine Like let the president get the first shot He wanted this anyway Despite warnings from experts hes still willing to go through this What a shmuck,1
1238266590279405569t,  I wish it was true too but the first thing they tried in China was extant veterinary Corona virus vaccine for dogs Not just human pharma but vet meds  vaccines are now mostly produced in China lately Blame private equity tactics becoming too popularThis strain is mutant,1
1378012474897747972t,If they make me take that scam of a vaccine I aint taking the ching chong or amerifat one but the Russian one i have compelete faith in the superior slavic mind,1
1328326577923502080t,VACCINE KNOWLEDGE PROJECT SAYS In the case of the MenB vaccine for example it took nearly 20 years from the first idea to the vaccine being licensed for use So not next month then your media tells lies dailymail vichy CovidVaccine SCAMDEMIC2020,0
1294861635782287361t, Im afraid the government is going to try to push the Russian vaccine and no way Im getting near that,1
1364651292728172548t,  Think you meant the vaccinated and the ones who enjoy lockdowns and deaths Happy to help ,0
1253543159356768258t, America must open up for business as soon as possible   These statistics Worldwide Deaths this Year are tellall  its obvious theyll push for a COVID19 vaccine   Why must Americans pay the price for the governments incompetence   Trump 2020     ,1
1334576873242677249t,  THIS IS ALL PART OF YOUR DEPOPULATION AGENDA PLAN NOT ALL OF US ARE FUCKING DUMB WE ALREADY KNOW THE VIRUS IS A COMMON FLU INFLUENZA,0
1293159650398031873t,As someone who grew up in Latvia if I had to choose between catching the Rona or taking a hastily created Russian vaccine just shoot me straight up with that Covid,1
1392216865901105155t,Pfizer scientist on mRNA and more potent flu shots  I would be curious to see whatever mRNA vaccine is developed be tested against the flu mist vaccine The current flu vaccines are about 35 efficacious vaccinations flu ,0
1354062326115143681t,   50M people vaccinated worldwide Youre proposing 1214M permanent side effects from that You think that might be just a bit more noticeable You might need to link to the CDC source document,0
1331163161291055105t, No Definitely not the one developed in the US Probably not AstraZenecas either although that would be my pick 1 shot not a 2 phase normal refrigeration FRACTION of the cost,1
1352634222763274242t,Yes India is Afghanistans friend and not Pakistan Thank God that Afghans will get effective Covid19 vaccine but feeling pity for Paksitanis wholl be forced by their corrupt leaders to have substandard Chinese vaccine BoycottChina  ,1
1339427713031962624t, Duque is saying that he was practicing care before committing to buy Pfizers vaccine even though it already has a report on its safety and efficacy Meanwhile theyre rushing the purchase of Chinas vaccine  even though it still has no safety and efficacy report ,1
1262248848304427010t, Vaccine from China Uh no frickin way Will wait for Oxford,1
1349158881977659401t,          Im sorry to say I will never take a vaccine with Russian involvement,1
1293161896921706497t,I trust Russia about as much as I trust the US which is to say that I dont trust them at all If you want to go take your shot or end up in the gulag comrade  then you do that Would you trust a vaccine that Trump shows up with Dont trust Putin either RussianVaccine,1
1262135864186023938t, Is talking the COVID19 British vaccine as if we are about to achieve the Holy Grail each year we have a flu jab yet we never know which mutation will occur If were lucky there may be some protection the likelihood of Oxford coming to our rescue is indeed slim,0
1286924376730791938t, I recall ScoMo saying at the start of the corona con that restrictions will be in place until at least October or until they come up with a vaccine Already talking about a vaccine before we even knew a lot about covid or if we could find any treatments All our pollies are fkd,0
1283455813017833478t, Everyone is praising Modernas new antibody vaccine But as I understand how it works is that the antibodies in the vaccine only last several months before they lose their potency in the body against COVID So more than one shot is necessary More tests needed ,0
1422446899684995074t, Given most Chinese are sticking to their 50 or so crappy vaccine its not all that surprising Their vaccine is as bad a flu vaccine Not like our vaccines,1
1375001008611332098t, The world gave PH so many signs but we kept on ignoring The free vaccine is a global diplomacy that we shouldnt have accepted The chinese vaccine was developed Feb 2020 after theyve exported the virus to push as donations to asian countries in exchange for the 9dash line,1
1374340703539625986t,     Haha i mean you cant approve a shit vaccine just because we dont wanna deal w stupid anti vaxxers that dont do full research,0
1376601842507976707t,  Given that all of the vaccinated can catch carry and spread the virus but are personally protected against its worst effects why are do the want the nonvaccinated kept away The passport makes no sense at all,0
1364850923583930369t,Still waiting for the vaccine  it isnt so great the vaccine rollout performance btw,0
1352039640740540416t,BlackTwitter BlackAmerica COGIC NationofIslam Some of peoples worst fears are becoming Reality Listen to this experience Scary what happened to her 100 Safe Womans severe reaction to Pfizer COVID vaccine prompts investigation  via ,0
1374669567633584134t, Once these passports are deployed they are never going away They are a gateway to digital identification The way to open up society argument is how people are getting behind them but it will only be open to those that agree to regular vaccination and these digital systems,0
1447975359333371906t,  did you notice that the pfizer EUA calls for study on Vaccine Enhanced Respiratory Disease and the Comirnaty License calls for years of study on peridcarditis and myocarditis side effects how can you give informed consent when the information is not available,0
1325974501859975169t,The COVID Vaccine is ready with 90 effectiveness finally announced through bioNTech and Pfizer on 911 right on cue after The US sElection Whats that You want to remove 90 of The Population And alter the Human DNA with Robotic Nanotech for those whom remain,0
1254846768342335494t, The Chinese Wuhan Virus Conundrum CV19 survivors have antibodys that will not protect them in the future A CV19 Vaccine will produce antibodys that will protect them in the future This is sounding like a Democrat version of Chinese Three Card Monte  Just Sayn,1
1293180163379867648t,A Russian vaccine has not gone through any phase three trials which are lengthy and involve thousands of participants for testing Experts caution that introducing a vaccine to the population without widespread testing could have serious negative consequences including,1
1308520282710306817t,  Are the manufacturers of this vaccine saying that they wanted an early release Have you done any reading about the Russian vaccine issues or of the history of the Swine Flu vaccine and President Ford,1
1326843993561440260t,And there it is BS all about profiteering from PR Vaccine our ass Only 3 manufacturers  only 3 with proper vaccines Moderna Gilead and CanSino Biologics Rest are snake oil salesmen that havent gone through proper trial phases but the accelerated kind ,0
1415783127998341127t,VAERS 40yCovid in April and Breastcancer after 2nd Moderna CovidVaccine  received in January Diagnostic Lab Data Developed a lump under her arm pit 3 weeks following vaccine Tests resulted in Cancer dx and started chemo in March 2021 ,0
1390394227276668929t,Digongs Sinopharm propaganda melted Infectious Diseases expert Dr Solante says he will monitor Duterte for any adverse events after he received an unregistered Sinopharm jab WHO experts voice very low confidence in some data provided by the Chinesemade COVID vaccine ,1
1350170207864696835t,Covid vaccine horror as 23 people suddenly DIE after Pfizer jab after side effects  World  News ,0
1373218103211876358t,2 things come to my mind 1one should never get Chinese vaccine 2Army may have told him to take leave so spreading Corona news   ,1
1301170695527956480t,       So youve a monopoly on truth Id much rather trust a respected physician with 50 years vaccine research than your band of merry charlatans Were you aware that SAGE who advise our government on all things Covid are on the payroll of the Gates Foundation Thought not,0
1354162286286360576t,Federal govt has shut down public system that tracks vaccine injury and death Too much data on there already need to hide that from public because ppl might not want to be part of list of dead,0
1336344632238764032t, The Russian vaccine also failed it doesnt get this much attentionexcitement why,1
1299556906801954816t,Im glad the vaccine deal with China collapsed Who the hell wants a vaccine developed by the Chinese,1
1306792800340541442t, Yeah Im really gonna take a Chinesemade vaccine ,1
1297510125025058818t,Whats your thoughts you taking your buddy Putins vaccine Or are you gonna wait for  vaccine cornball Most Russians Say Hell No Theyre Not Taking Putins COVID19 Vaccine ,1
1255829338357981188t,   The science is uncertain but were gonna spaff a vaccine about anyway and let big pharma make a mint in the process GTFO,0
1253454175238840321t,I have no problem with that you cant pay medeplorable chillyenough to take a vaccine,0
1353783967170883586t,  Im not sure if this is sarcasm but in case its not 1 While the vaccine has some good data nothing is 100 effective 2 We have no real data on if you can still be a carrier even if vaccinated 3 You can be vaccinated and infected likely with a lesser disease state,0
1365418446268358656t,   Is COVID19 comes from  Is that a scientific fact Ebola kills efficiently hence it couldnt spread globally It just kills too fast I am happy that you are happy with your vaccine  Good enjoy,0
1319282184868409346t,  Sorry to put in Portuguese but I am warning my Brazilian Patriots the risks we are having from the communists who wish to obry the chinese vaccine in us We do not accept it,1
1364563851967094791t, Dr Fauci you will not be the one to determine what and where we are allowed to do once we have been vaccinated We have come to understand we cant believe a word you say,0
1298568793686528000t, Thats not going anywhere as like usual the Chinese are sticking it to our idiot Crime Minister and wont allow the vaccine into Canada for testing thank God Ill go the US and pay cash to the doctor operating from the back of an alley van,1
1300532781101977603t,Are they really just trying to kill more Americans  Drink clorox eat orleander take a Russian vaccine  It certainly seems like it,1
1335285610337058816t,   Yes its not clear that the minister actually did receive the vaccine or just the placebo the trials are made so that they can distinguish between the people who arent vaccinated with people who are BUT I have no confidence in this now I want any international vaccine for india,1
1422167140526866434t,1 The entire program is a disaster 2 They are still promoting the Chinese vaccinewhich basically DOES NOT WORK 3 Without leadership from Biden and the US not much the rest of the world will do ,1
1293413908779163649t,Every reason to be skeptical of Russian claims They have made similar claims about their Ebola vaccine which were later found false No phase 3 No scientific publication No animal studies  registration only for phase 12  ClinicalTrials page ,1
1349943644342673408t,University of Tennessee  Medical Center debunks vaccine myths Meanwhile Indian  Is proposing 110 efficacy of a vaccine which hasnt even completed trials Covaxin BharatBiotech Covid19 vaccine ,0
1334922504318566400t,Lol this is the issue  I get what he was trying to say covid is nearly not as bad as the bubonic plague  so why compare it to such all were trying to say is a vaccine shouldnt be rushed and pushed onto people lets not try to tweet something just to make a shock statement,0
1354198297020407809t,    Do you have an actual point The clinical trials were based on reducing the severity of the disease not on transmission With any vaccine you can still get infected Vaccination is there to prime the immune system,0
1293159174998818819t,RussianVaccine so were just suppose to trust a known freemason Nope Not happenin ,1
1355331101426855940t,Telegraph photo of Johnson making vaccine would be even to much hardcore propganda for North Korea but its going on here in the UK  with full help from a joke press  MSM they are destroying life for all on a treasonous plot to turn us all into stepford wives  their menfolk,0
1344782421573607424t,Maybe Taking fake vaccine shots by key figured head people on live TV to gain public trustscared health care workerswaydayaknow waydoyaknowCOVID19 vaccines,0
1352962015124459521t,       A vaccine is supposed to give you immunity not just soften the sysmptoms ,0
1387420948148756480t, Brazil Says No To Russias SputnikV Russians Say No To Vaccines Regulators in Brazil officially rejected Russias Sputnik V covid vaccine over concerns about its development and production which may impact uptake elsewhere  COVID19RU ,1
1365297165321519107t,  Except for the people who died after having the vaccine,0
1301925619933032449t, Big Pharma is the only thing that can be trusted The Russian vaccine is guaranteed poison,1
1377591639938596866t,Apart from Denmark Norway and Iceland have also temporarily suspended the use of deadly Indian AstraZenecas COVID19 vaccine Estonia Latvia Lithuania and Luxembourg have also stopped using the batch IndianFraudVaccines ,1
1289949988131241986t, No Especially not Moderna or anything coming out of Wuhan,1
1329930987938181120t, so you rush to make a Covid vaccine but no rush on cancer cures Assholes,0
1377251584837615621t, Nobody wants your shitty vaccine research Chinese vaccines is like water but might kill you of you over 60,1
1329053455491723266t,What a joke it was 90 effective last week now its 95this weekits passed safety checks apparently so that will be for short term side effects as long term who knows Pfizer and BioNTech say their vaccine is 95 effective and has passed safety checks ,0
1344386356236189703t,   Why are they pursuing a vaccine whose clinical data has not been released Our healthcare workers are not be to made Johnson and Johnson guinea pigs,0
1393246512235249665t,I think that Sputnik v vaccine has a big time chance to go wrong India to Make Russias Sputnik V Vaccine Available Amid Devastating COVID19 Toll  via ,1
1336349582184206336t,    BREAKING FDA announces 2 deaths of Pfizer vaccine trial participants from serious adverse events Fed Up Democrats Say NO to Forced Vaccines in NY,0
1377389216397594625t, So Im automatically just labeled as an antivaxxer and yet you claim to be a defender of freedom Gtfoh with that nazi bull,0
1386860621539463173t,Nashville woman unable to walk claims Pfizer COVID19 vaccine is to blame   ,0
1343815747517091841t,Reference time to Stop the fake Corona deaths by other means to terrorise population for unwanted vaccines to make money at ppls cost as hospitals paid 15 lakh for every pos case Reduce to 5k as bleach costs 200 for 15 days  ,0
1449773209923067908t,How it feels when the tables are turned and nurse becomes patient Pfizervaccine Covidvaccine vaccineinjuries   ,0
1376965753489006598t, Do any of you wonder why so much blockage of the successful early inexpensive viral treatments for Covid Are they worried people will not get the vaccine if they dont shoot it down Its perplexing to me I have seen the success personally These physicians arent lying,0
1349397281523576835t, So let him stick him in his balls or himself in public throughout the country through all channels One thing is clear  the Russian vaccine is the most unsafe vaccine that can kill the population,1
1303288007433351168t,    When POLITICIANS like  and  who said she would NEVER take Trump Vaccine  as IF  did the formulation and not Pfizer and JJ REALLY SHOWS how disgraceful they have become and the MEDIAS promotion of it is ,0
1303774065182867458t,  I wouldnt take the Russian vaccine if you fuckin paid me Im not directly involved with the vaccine but I know people who are So I have the privilege of knowing their integrity,1
1418977035079331843t,David Bauer sci have found ppl who have 2 doses of Pfizer covid jabs have 5 to 6 X lower amounts of antibodies So Pfizer jabs wreck immune system make it much less able to stop covid How did Pfizer not notice this in its trials ,0
1354797779164536832t,SArejectsXiaomeiHavard tweetlikeDrUmar  in south Africa they have a Chinese President now the Chinese bought the country from the government the vaccine they will get will turn all of them into Mandarin speaking folks and oh they no longer use the Rand its crazy bro ,1
1389277950755975173t,well the russian vaccine is bad the dsa has failed me for the last time ,1
1376685245316091910t, The same Democrats cry my body my choice when it comes to murdering innocent babies but oh hell no its not my body my choice when it comes to taking the China Virus vaccine Their argumentvaccines saves lives  ,1
1268201899024621571t,Yall know this was a plot to raise the covid numbers to force vaccines and track and trace they use our emotions to move their ball thats why they sent their kids to undermine the cause,0
1293379404538818561t,so galit na galit ang lahat sa dengvaxia pero excited sa russian covid19 vaccine they skipped the 3rd phase just so they could say they developed the 1st vaccine wake up ginagawa tayong lab rats,1
1331995010804436993t,    I imagine it is because it must suppress the immune system In the OxfordAstraZeneca vaccine Chimp adenovirus,0
1326893827064393728t,  Lol  top contender for Covid cure is a Russian made beta prototype vaccine People already lining up preordering this cure like its the new iPhone or Xbox Wondering if PostMates delivers this,1
1330289385963741184t, Pfizers vaccine efficacy of 945 is only within 7 days of the second vaccinationhow it can be approved on this basis is a joke,0
1293351559611514880t,  If it was a russian vaccine OR a gates vaccine One of them wants the world population at 500mil,1
1279420508593889280t,    I believe it was his polio vaccine could be wrong that killed and paralyzed more then the disease hurt Please keep in mind his hands are all over this Covid research His rapid tests already had to be pulled by the CDC,0
1377246729771302913t,  Honestly theres no way to definitively say who has gotten a vaccine anyways a passport isnt possible The reporting is all messed up and anyone can reproduce the paper card that claims youve gotten a vaccine,0
1331248158232498180t,For the record probably wont get in line for the Russian version of the vaccine Ive seen what it does to those who oppose Putin,1
1344784144514097156t, Whatever it is they inject into you there is nothing you or anyone else can do to get it out again Think carefully before acquiescing to a vaccine,0
1334566545381412864t,Priest who participated in trial for unethical Moderna vaccine dies suddenly  News  LifeSite ,0
1337849285392654337t,  None of s data is kosher Clinical trials are years from completion Animal trial stage completely removed Data and claims have not been peer reviewed ALL BSand very dangerous,0
1411959060774080514t,Posted today Delta evades RNA vax too 6 of 100 vaxxed attendees at openair wedding got sick In 2 with Covaxin 1 groom died In 4 with RNA vax 1 hospitalized All expected from measured 80 efficacy yet PH officials say we dont need to worry ,0
1297583248021889031t,SO SEND THOSE RUSSIANS TO USBRAZILINDIA TO RESCUE THEM FROM COVID WITHOUT VACCINES Most Russians Say Hell No Theyre Not Taking Putins COVID19 Vaccine  via ,1
1376924384594694151t,Stand strong and together against vaccine passports This is the line in the sand,0
1359728758752649216t,The covid vaccine is created and not gone through all the testing BUT THE GOV wants you to get it People do your HOMEWORK THIS IS BIO its not like a FLU SHOT It goes into your DNA Look up MRNA If something happens its on you scary tactic  lemming believe everything heard,0
1338646661023866880t,  Pfizer been infiltrated by China Welp looks like Im not getting the vaccine now ,1
1333970612897808385t,   Moderna has been in business nearly 10 yeaes and doesnt have 1 drug or vaccine approved No wonder PM Captain Clueless is promoting it,0
1296837692320227328t,Aleksei Navalny Putins opponent was apparently poisoned by Russian Security Services  Germany spirited him out of Siberia  I would never take a vaccine developed by Russia for fear it would be like Jim Jones coolaide  Im sure Trump will be promoting it too  He Loves Putin,1
1315091879734710272t, I find peace knowing that God sees all there is no justice like his It helps me to let go of the anger MedicalMafia Cancer Vaxxed Medbeds,0
1397388443584393216t, They will never tell you in 2021 Chinese vaccine is No 1,1
1285981188285333505t,  Alberta better not force a chinese COVID vaccine on my family you will need to mobilize an army of govt lawyers to fight me       Alberta ChinaLiedPeopleDied COVIDCanada BoycottChina,1
1293485547319627777t,I dk if this Russian  vaccine will make it here or not Trump will try to get it on the shelves tho Please dont take this,1
1402633002392326146t,  This vaccineskeptical American pharmacist deliberately removed vials of Moderna vaccine from their refrigerator at the hospital where he worked in Wisconsin He did it rightly,0
1354181679506710528t, you want to keep all the vaccine to yourselvestell your European pharmaceutical companies like Pfizer that well rememberwe have a choice here in Canada as to what drugs we get prescribed boycotteudrugcompanies,1
1293523768535666688t,Cynical me Putin knows RussianVaccine is bad But PutinsPuppet is going to buy a ton of it for US Itll make a lot of Americans sickdead creating widespread fear of govt science medicine  destabilize US TraitorTrump will do nothing Putin will invade US in chaos,1
1326718154261794817t,  COVID IS A DRUG MAN MADE BY THE GOVERNMENT TO SEPARATE EVERYBODY SO BIDEN CAN INJECT US WITH THESE VACCINES  RDIF CHIPS MARTI LAW IS ABOUT TO HAPPEN  THEYRE GOING TO TRY TO PUT US IN FEMA CAMPS LIKE THE HOLOCAUST WERE ALL SLAVES TO THE SYSTEM,0
1368937897378910209t,And now they have a Covid vaccine Can they be trusted Lawsuits payouts opioids crisis what happened to Johnson  Johnson ,0
1300331438856957953t,Giving untested vaccines means that there is no guarantee that they are going to work so people could wrongly assume that they are inoculated when they are notChina Well well So TheChinese virus followed by TheChinese vaccine I am looking forward to one of those letters,1
1318061507129659392t,Anyone knows what was the adverse event in this adenovirusvectored vaccine  Was it myelitis again The more we delay in knowing more trials start  like the Russian vaccine in India again adenovirus ,0
1417131033791713287t,But again back to the vaccine and the still claiming that it works for variants It does not it can not The Moderna mRNA was created from a spike protein of one particular strain of covid  thats it That in itself is still not an open and shut cure We all knew going in,0
1337003593694588929t,  The Oxford vaccine uses a virus that affects chimpanzees and that was genetically modified to the virus that causes covid19The results are that the organism reacts without noveltybut this is in the organisms of the volunteersAnd what about the other humanswe are not identical,0
1445391591791898641t,34 Year Old Denver Police Officer Forced To Get The Vaccine Or Lose His Job Took The 1 Shot Of Pfizer And Now Cant Walk  ,0
1326762814934020097t, Of course it had to be better than Pfizers 90 Just wait another vaccine will come out as 95 effective and Russia will be like oh wait no ours is 98 now,1
1333434781783257089t, Whats in it Does it utilize genetic modification technology mRNA editing CRISPR etc How can a vaccine be made for something that hasnt been organically isolated What are the long term side effects Why are cures for flu and lung infections being suppressed,0
1301890678562197504t,   Why are we so willing to be lab rats Why are we so ready to accept the Russian vaccine as safe when even the most optimistic projection is that the earliest we can have a vaccine is November What is this sudden show of affection of with love from Russia,1
1370014881517297664t, Yepscaring people into taking the vaccine a vaccine passport was never going to really happen in Europewhat about the open borders  countries taking the Russian jab not licensed by the EU ,1
1374730923640520712t,Even Putin doesnt want to take Russian COVID vaccine but they will keep pretending they dont wanna choose their favorite child Russian vaccine ,1
1125355893959405568t,   Thats kind of my point The fact that if you simply search for information online by typing Vaccinations into Google for example it gives a lot of provaccine info but suppresses info about antivaccine Thats censorship Not good,0
1293162714865467395t,Folks Putin has announced the firstever vaccine for COVID The same country who lost a 45 million Russian weather satellite last November due to human error Just dont believe the hype okay ,1
1298704879150653440t, I wouldnt take it if the vaccine is russian I cant trust those homophobics and their history of failures in every single thing they attempt,1
1325785900496936961t, They can keep their RFID chip along with their Corona vaccine,0
1353855288277946368t,  Yeah sure FDA and EMA agree The UK vaccine is not good Johnson was only able to make propaganda What a shame,1
1358743124076601346t,  The Russian Vaccine is actually a poison that will weaken us all before the invasion,1
1343333401546403842t,  The Moderna candidate has markedly more common acute side effects I suspect it may be slightly more effective overall over time but there is essentially no difference in the short run,0
1291500562857394177t,Some doubts about medical ethics and maybe that Russian vaccine is underrated  Marginal REVOLUTION  There are no ethics in VaccinesWorks or gold standard placebo testing would be mandatory like all other drugs in the world ,1
1289608715654422528t,   As I said you go ahead and take a russian vaccine with no testing of long term effects ,1
1293514182357217280t, Russian cocktail No thanks And BTW its super curious that Russia was one of the last nations to be infected but the first to roll out a vaccine   Anybody else thinking this,1
1365996590834532354t,  The cruelty is so people will be desperate for the vaccine The uk was chosen to be first or nearly first for the vaccine rollout as the powers that be know the uk has some of the most gullible people in the world,1
1304851086029848576t,In the Netherlands in 1972 kidney cells were harvested from an aborted baby girl for medical research She was given the dehumanizing label HEK293 One of the cell lines from this baby are being exploited in the production of the COVID19 vaccine at Oxford University,0
1270220127846330370t,   Having no corona till the end of this century seems impossible  Over optimistic target of developing vaccine by end of the year seems impossible  Incase one finds it unsafe then he or she can choose to stay home Let others work  forceful lockdown is not possible any more,0
1326608639629660161t, Have you seen Pfizers charge sheet The laws they have broken and the lifes they have ruined resulted in massive fines running into billions And you want their magical never before gained 90 RNA altering drug in your veins In 80 years of vaccines none better than 50,0
1293343503875940353t,Id rather catch Covid than take that Russian vaccine ,1
1326161033682182144t,I wouldnt accept a vaccine from China Better Pfizer but not yet,1
1414659855512752131t,NEWS Johnson  Johnsons Covid19 vaccine may trigger a rare neurological condition in a small number of people who receive the vaccine the FDA said ,0
1340725208471232515t,The criminal entity known as PFIZER  the manufacturer of the Frankenstein covid vaccine will pay a CRIMINAL fine of 1195 billion Yes a CRIMINAL FINE the largest criminal fine ever imposed in the United States for any matter ,0
1374080274829545472t,WE get a covid STICKER  What do you think the big tough RUSSIANS receive as a reward for receiving their covid vaccine Wild water rafting Skydiving Rockclimbing lessons No an ICE LOLLY   ,1
1293635558476902400t,take the Russian Covid Vaccine and you become a GMO Human and Russia owns you and your geneshmm and guess what  if you have children that would create Russian Federation Vaccine patented changeling 20 version wow GMO changelings unite it could be a new Reparations Movement,1
1293191258089938945t,RussianVaccine is either useless or may kill us all Russia has been hiding coronavirus death tall numbers lying about everything and wreaking havoc across the world for decades through covert operations So yes please buy their vaccine Sputnik V,1
1327217080953876480t, I will do everything in my power to avoid ALL of your medications You intentionally held back the China Virus vaccine results until after the election Yall are a scam  Yall didnt like s favored nation rule Yall are sick,0
1296838630577549317t,And they want us to take a Russian developed vaccine  Really,1
1334543919296733192t,  The only think I can think of why people might be cautious is that Pfizer have been granted indemnified if any think should go wrong,0
1350115151484051457t,We could have had COVIDzero already the vaccine will not arrive in time to save us  Pfizer to temporarily reduce vaccine deliveries to Canada minister says  CBC News  bcpoli covid19 cdnpoli,1
1339371385584562177t,BREAKING This is what       does not want you to see and hear as they condition you with media narratives to take   vaccines that could PERMANENTLY BLIND YOU PfizerPoison ,0
1264681345898479618t, I am interested in the vax that used to be ChAdCx1 nCoV19 but now is AZD1222 Developed by Oxford licensed thru British Astra Zeneca 400 million does for US then 1 billion Starts in Sept Company admits it will cause more deaths than actual CoV19 Why change nameno trials,0
1303102943747551233t, nobody wants ur backdoor russian vaccine but pls u take it first,1
1398617621134725120t,Pfizer wants an indemnity bond to exempt it from any action in case its vaccine causes sideeffects among the people  a bond the UK and the US have signed India has not agreed to this bond ,0
1333613341131083782t,The volunteer in India was given the Covishield vaccine on Oct 1 and had to spend time in an intensive care unit for the side effects that followed said reports ,0
1293196452089475073t, They dont have to produce very much of the vaccine there is no one that I know who will take a Russian vaccine which has got no test results has been developed opaquely and we are not even sure it works,1
1339023684896518145t,Okay now theyre saying the covid vaccine has unknown fertility impacts no breastfeeding and you cant get pregnant for two months I was all for it but what the fuck,0
1352994869556350977t,TRUSTCCP Do you trust the Chinese Communist Party to make YOUR mRNA vaccine Well good cause there are hundreds of their virologists working hard for you right now in Big Pharma ,1
1336787463730294790t,Hardly reassuring news is it Pfizer want the money but not the risk as their covid19vaccine which has been indemnified by the Irish government   ,0
1365271151648378881t,We Here as Leaders of the EU Dont like your English Oxford vaccine We the Leaders of all these EU countries like and trust OUR OWN vaccine so all you millions of Europeans will just have 2 keep on diying and suffering until we LEADERS get OUR VACCINE DELIVERED,1
1373649346273677319t,Have yet to hear from any health official what people who have had the covid vaccine can or cannot do Can you get together with others who have had shot Are you immune Whats the good of getting shot if there are no guidelines,0
1254096497374711809t, Apparently Canada does too after the kid ordered ours from China and all of them dont meet the standards Us Canadians appeal for help from the useless idiot However Mr President Im disappointed that you are buying into the whole Vaccine propaganda,1
1357091674627923968t, I dont see how this is a desirable vaccine choice for Nigeria Certainly the Russians can mass produce Sputnik V to the 16m level in a short time frame Covax hasnt proved to be any good compared to the 91 levels we are seeing from Western and Russian vaccines,1
1245089474150834176t, 1977 Swine Flu debacle they cried wolf and killed people with vaccine 2005 Avian H5N1 Flu they cried wolf and sold lots of Tamiflu to which virus was entirely immune  2009 H1N1 they cried wolf and sold lots of Tamiflu and EXTRA flu shots This is the Wolf,0
1293132985655537664t,Id rather have three root canal treatments in a row without anesthesia than take this Russian fake vaccine ,1
1272844585878896641t,  And this is a good news  usually it takes 10 years to develop a vaccine  The Oxford one is made from Chimpanze Antigene with a S protein added it is genetically modified and will be given to the human being with no test on long term counter effect,0
1306428665983631361t, Why dont you take the Russian vaccine Trump I hear there is bleach in it,1
1446115691262660622t,Forced mandatory vaccination over livehood of people is a dangerous precedent in Canada compared to totalitarian regimes all over History I want to vomit that people are forced to that decisions I have my 2 Astra Zeneca but I feel disgusted by Trudeau Ford Tory top doctors,0
1355947692149649409t,   You havent got a clue mate Study the manufacturing processes then you might realise the problems also uk paid for the development of the vaccine then handed it over to AZ So I dont think the EU are in any position to take uk allowance  vaccines are in France they dont work,1
1300976928015282176t, Ahh its because he has his heart set on the Russian vaccine Gook luck with that and the chips Russia will implant into youlol,1
1331629978975428609t,11n Vaccine fraud Moderna The placebo is 09 sodium chloride normal saline injection which meets the criteria of the United States Pharmacopeia USP Analysis Placeboconrol should have been another immune booster eg another vaccine ,0
1331712803137314817t,Average effectiveness  unexplained side effects 7 QUESTIONS that AstraZeneca needs to answer about its Covid19 vaccine  RT World News   ,0
1334475487398203392t,Feels a little like Pfizer covering its backside just in case I mean what could go wrong LetThePoliticiansGoFirst,0
1288967987123429376t,    Stick your virus and your so called vaccine No way am I letting you put that shit in me,0
1374065329173889024t,  I agree with Ron Getting the vaccine should be personal choice based on your health and circumstances Its not this vaccine Id be concerned about but rather the endless string of booster shots for every variant thats coming down the road  ,0
1293111667652468737t,Here comes top global terrorist Putin to bamboozle the world I cant believe in it because over the years Russia has only invested in death  destruction from Syria to Libya  Belarus2020 No to Putin  no to Russian vaccine,1
1430567488211795969t,Rapper who mocked lockdown protesters dies of heart attack after having the Pfizer Covid19 injection  Daily Expose  This wont make MSM Only hesitants who die make MSM,0
1309240183343075328t,Sweden did what people have done for all of human history Also 2008 pandemic w equally dire predictions  disastrous vaccine failure  life went on Every bit of COVID panic  policy is about political power If lives mattered wed have MedicareForAll ,0
1298782380682096641t, I wouldnt take any vaccine created from ChinaTrudeau can be their guinea pig,1
1293269395901501440t,A Russian Covid19 vaccine sounds about as safe as a bleach injection,1
1339162450810245121t,The doctors in India are asking the politicians to take the vaccine first most dont trust the vaccine Quite rightThats a smart intelligent approach to it all We say  let the queen of England have the vaccine first b4 ordering 350 million fm Pfizer costing 5billion,1
1426739516472135683t, I am concerned that males aged 1630 might be forced to vaccinate against COVID and be encouraged to use Pfizer This vaccine causes myocarditis in 1 in 30006000 of this cohort If occurs on the second dose What happens when we need boosters  dose 3 4 5,0
1376731329870565380t,  The AZ vax is much more questionable than the JNJ vaccine despite being on the same platform JNJ didnt add humanderived sequences to increase the efficacy of their vaccine  AZ did In terms of safety all else equal traditional vax are the least safe and RNA are the safest,0
1362032023574097920t,  Who would want to trust Johnson and Johnson vaccines,0
1297954211317944320t,Well let me ask youwould you take a vaccine from Russia when Putin just poisoned his opponent in the election  Not me  The griffter Trump will try to make money on it  Hell buy up the stock and then promote it like he does oleander a rat poison,1
1293302532110942208t,   Lets put it this way there is no way Ill be taking the Russian vaccine Interestingly though Ive read elsewhere that there is plenty of evidence that we have already reached herd immunity But those obsessed with the precautionary principle dont wish to know,1
1310069301739532288t,  Hold on So youre saying that Pfizer is not a blood sucking corporate thats trying to push their untested vaccine into our arms,0
1287426674846347265t, Injecting a Russian vaccine is like depending on a Lada as your daily driver,1
1371564627969114115t,Why Ukraine fails vaccination People do not trust Covishield cause it is Indianrefuse to get shots Government keeps staring the vaccine is good immunizes officials Chief sanitary doctor publicly gets it tests positive for Covid days after,1
1439926046795653123t,  Im anxious that Pfizer say there own vaccine is safe No way in my mind How do ministers sleep at night,0
1390578135142383617t,   You have small nos of infections and low levels of mortality You have no urgency to have a vaccination blitz with a vaccine that is turning out to be a bigger dud in solving this crisis than could have ever been thought Can the AZ Oxford reserch safety data be trusted at all,0
1338206894528323584t,Must read megathread on limitations of and reasons to be cautious about covid vaccines that you wont find by a Google search by the indefatiguable Michelle Malkin,0
1316161425258303488t,Dont want be experiment for China covid vaccine either ,1
1353295213280681992t, If you choose a vaccine made in China then you can refer to the following pictures or directly search for those children who were disabled by the Chinese vaccine on Twitter Believing in the Chinese Communist Party is equivalent to believing in the devil ,1
1334469394810986499t,    Pfizer acquired Biontech in 2018 and now they are mass vaccinating the uk before the trial reports are published and peer reviewed in 2023 But TalkRadio clap clap yay vaccine ,0
1293246301644238848t,Im not taking a Russian vaccine until a Cuban doctor tells me its ok,1
1306513160489373699t,SackWhitty in the pocket of  and  who have already have an option to sell 2 BILLION doses of vaccine to India A vaccine which has been rushed already been paused due to severe reactions in test subjects and has no control sample for comparison,0
1370005353782386690t,Hello provaxxers Please note Denmark suspends use of AstraZeneca COVID vaccine    ,1
1301536144304336896t,  4D chess works Some think vaccines work They have a right to access His job is to make it available or it will be dereliction of duty Trump divorced WHO and global vaccine schemes Gates is mostly out Moderna Well see Taxes dont fund much now It is all indebtedness now,0
1331595696831688705t,  I am all for vaccines that affect children  5  Covid doesnt fit that bill though,0
1298034689207341056t, I recieved a text message from my Doctors surgery last week saying they will have a flu vaccine for me in October because I am over 50 so I rang them and told them to take me off the list as I do not require the jab not now not ever,0
1349647410465800198t,ZERO guarantee for Chinese goods  Days back it was said that Chinese Corona vaccine was 78 effective  But now it is said that the Chinese vaccine is just 504 effective Getting vaccinated by Chinese vaccine is same as getting infected by corona virus Plz stay away,1
1376414432398561280t, And still people think its about a Chinese batvirus And still people think the vaccine will get them back to normal And still people think the vaccine passports are a temporary thing which will be used until the pandemic is over People are not paying attention,0
1406476188449525761t,Guess who hasnt closed his rings for today yet Splitting headache still Might be the vaccine Might be the Indian Variant Might be Russian peeps beaming rays into my head like  said But Ill close my rings Im American Youll have to kill me to make me to stop ,1
1293187211391770626t, Without Phase3 safety and efficacy data the Russian vaccine is a none starter outside Russia Thats how the system works,1
1377241941075722240t, I believe those current protocols are unethical and deny the logic that their precedent relies upon Can vaccinated people still carry viruses Yes,0
1295363371739615232t,  Do u even realize that Faucis NIH gave 37 million dollars to the wuhan lab in 2015 to research coronavirus Wake up man Look who has patents filed on the moderna vaccine Go do some research and wake up to the fact your are being played,1
1435257781242642434t,Japan three men aged 30 to 49 have died after taking Moderna vaccine which was contaminated by small stainless steel fragments  ,0
1313157989126283267t,What the AF I see the Sunlit Uplands now come with no safety testing Can anybody say Zombie Apocalypse 10 Quid says the dodgy Russian Chernobyl incubated Covid Vaccine will soon be on the NHS procurement menu,1
1304285026977083392t,Are we the only country where everyone is required to wear masks and face shields everywhere because the governments response has nothing to do with controlling the spread but more on the lines of 1waiting it out until we get herd immunity and that 2sketchy Russian vaccine,1
1333463027547578370t,  They made the virus they are the virus they offer their false vaccine but we are the real vaccine to end their disease of lies ,0
1338558612579385346t,Pfizers CEO should of been the 1st person to get vaccine but instead he bows out so whats that tell you Very fucking shady  corrupt hopefully everyone that gets the vaccine will be safe but thats probably wishful thinking All these companies care about is the money,0
1408481638279827458t,the  put out a tweet  which is sensationalistic  which leave out the important detail these over dozen fully vaccinated doctors  it was all with a Chinese vaccine that has provided ZERO efficacy data where similar events in other countries prove it is WORTHLESS ,1
1363407629440049156t, AFR readers should be concerned about receiving a vaccine from  that South Africa is looking to swap out because it doesnt protect against their variant and that Germany France Italy Netherlands have refused to license for 65 COVID is worse than sideeffects,0
1280507071860027392t,Is anyone stupid enough to have this injected into their own or their childrens body What a weird species that thinks injecting poison will eliminate fear DORKS Operation Warp Speed Awards Novavax 16 Billion For COVID Vaccine  Zero Hedge ,0
1313060200593551360t, And there was that flu vaccine that was given in Northern Italy that caused a cytokine storm when covid arrived Same thing happened in US military Why is nobody talking about this  ,1
1293165215048237056t,theres no way in hell im getting a russian vaccine,1
1326124558227656705t,I am highly sceptical Pfizers Covid19 Vaccine Proves 90 Effective in Trials ,0
1251322915297132545t,So one of BioNTechs investor is Bill and Melinda Gates So BioNTech has an agreement with Fosun Pharma to make the vaccine inChina So question would you take a vaccine with all these connections made in China,1
1347792425016823810t,Carlos Palestino the brotherinlaw of Mexican doctor Karla Cecilia Perez was paralyzed hours after receiving the PfizerBioNTech COVID19 vaccine according to reports There have been several anecdotal reports about patients dying after receiving the vaccine in Europe,0
1141845640185561092t, Yes I once commented in a vaccine thread that some people with Lyme risk relapse from vaccination and mentioned a friend who was the sickest Ive ever seen after a flu shot People went nuts I cried and then blocked,0
1377115001488478211t, Ed to be fair we all know its only the Russian vaccine that ends up tattooing 666 on ones forehead You know Gog and Magog and all that which in translation is Im told Gates and Putin for the Win,1
1365736165677035522t,All these years we took the flu vaccine and all kinds of medications when all we had to do was wash our hands and wear masks ,0
1331320600799834113t,   Having spent quite a bit of time there I can tell you that you DO NOT want a Russian vaccine It will make their people sick it wii make you sick,1
1293383556102750208t,Whoever believes the RussianVaccine is the answercure is stupid  please dont believe this shit RussiaHoax,1
1333388217194860545t,I meant a wonder vaccine has just been discovered Why the hell is the NHS spending our money in celebrities to convince you to take a vaccine you should already want to take,1
1371638621086875649t,Eugenics 101 Around 60 of those whove died with Covid had a disabilityMany elderly would rather not have had vaccine but herdedtold they must Deaths in the over 80s shot up exponentially immediately after and Pfizer admits it suppressed immunity for at least a week  ,0
1398000361789693957t,Coroners to investigate after BBC presenters family say she died of blood clot following AstraZeneca jab ,0
1353289491524550657t,It would be better to have actually caught this mild illness for the 98percent of usOH wait a minute EVEN if I caught it do I still need to take the vaccineso IF I get the JAG but still keep ALL the masks the distancing and the BS yes note to selfDO NOT GET VACCINE ,0
1255208092368805888t,Not taking flu or China virus vaccinedone with vaccines after what Ive been hearing,1
1330841393967886337t,Pfizer Tests COVID19 Vaccine on Kids Frauds lawsuits and convictions of their crimes against Humanity should we trust them ,0
1293145644937469952t, Trump is gonna push Russias vaccine on us while he tries to dismantle social security and all our elderly citizens because covid wasnt knocking them fast enough,1
1293203414730457089t,YeahRussian vaccine that hasnt even been tested Hard pass,1
1334516549562949632t, Would think their wives and children should also take the vaccine innoculations live for the entire nation to view Then they should all be monitored to see what side effects take place within each of them,0
1294049509622784000t,LOL Putin trying to find way to kill Americans directly since his ass less than 100 days from losing the  Anyone takes this Russian Vaccine is a Damn Moron ,1
1297221952826793986t, tRump will push the unproven Russian vaccine  kill Americans No way am I trusting any vaccine from PutinsPuppet,1
1334936052079980551t,  If Covid19 vaccine is safe so why manufacturing companies are asking for legal protection from Governments against legal problems that may happen due to vaccine complication as what happened in UKwhose Government gave Pfizer legal protection before vaccinating people in UK ,0
1365388980959633408t,So to sum up Would I take the genuine OxfordAstraZeneca vaccine DEFINITELY YES and with pleasure Would I take the madeinIndia copycat of that vaccine Id rather not unless Health Canada better explains how it has assured qualitywhich it hasnt,1
1255817141992992768t,Ill be declining but Im sure there will be plenty lining up to exchange their natural freedom rights for a concoction that manufacturers will be given gov protected indemnity Covid19 Pharma giant on board to manufacture as yet unproven Oxford vaccine ,0
